"timestamp","original_url","archive_url","digest","screenshot","captured"
"20130517153753","http://califidparrotandexotic.com","https://web.archive.org/web/20130517153753/http://califidparrotandexotic.com","4S553K3MVD6763NV2METVUILIU4ACA2W","screenshots/20130517153753--index.png","True"
"20140517085459","http://califidparrotandexotic.com/","https://web.archive.org/web/20140517085459/http://califidparrotandexotic.com/","6SNNG64TFDGBJR3UFN2UACJL7UPDKUSO","screenshots/20140517085459--index.png","True"
"20141217034613","http://califidparrotandexotic.com/","https://web.archive.org/web/20141217034613/http://califidparrotandexotic.com/","PFJDC2QVHQOBPNZ3QBLAE6NN2V6DBN3K","screenshots/20141217034613--index.png","True"
"20151013044237","http://www.califidparrotandexotic.com:80/","https://web.archive.org/web/20151013044237/http://www.califidparrotandexotic.com:80/","22SGMYUMXDC7AKPJJEFD56P37B73D3WG","screenshots/20151013044237--index.png","True"
"20180831111607","https://www.califidparrotandexotic.com/","https://web.archive.org/web/20180831111607/https://www.califidparrotandexotic.com/","LTV7LBG7GEWIERCMKVY5NL6HWHIP22OX","screenshots/20180831111607--index.png","True"
"20200923082127","https://www.califidparrotandexotic.com/","https://web.archive.org/web/20200923082127/https://www.califidparrotandexotic.com/","4MOBI6FJTYNWJZOP3TZKKJFT4ACR6P2S","screenshots/20200923082127--index.png","False"
"20211226142606","https://www.califidparrotandexotic.com/","https://web.archive.org/web/20211226142606/https://www.califidparrotandexotic.com/","M5XEOUGHUBFF7DRSATTUPVF2CODBU6DQ","screenshots/20211226142606--index.png","False"
"20220625034950","http://www.califidparrotandexotic.com/","https://web.archive.org/web/20220625034950/http://www.califidparrotandexotic.com/","ZJJWUYBDJNRAZLHL3Q7XHXQVSA5WPFPR","screenshots/20220625034950--index.png","False"
"20220816100242","http://califidparrotandexotic.com/","https://web.archive.org/web/20220816100242/http://califidparrotandexotic.com/","JJ3SGD3UMBQI2UNC2JRGXY35A4QVBTQ4","screenshots/20220816100242--index.png","False"
"20221001030002","https://www.califidparrotandexotic.com/","https://web.archive.org/web/20221001030002/https://www.califidparrotandexotic.com/","M5XEOUGHUBFF7DRSATTUPVF2CODBU6DQ","screenshots/20221001030002--index.png","True"
"20221005021453","http://califidparrotandexotic.com/","https://web.archive.org/web/20221005021453/http://califidparrotandexotic.com/","XUZCBSLNCUN36F5IDA2IQ7O55LXINDWP","screenshots/20221005021453--index.png","False"
"20221208093104","http://califidparrotandexotic.com/","https://web.archive.org/web/20221208093104/http://califidparrotandexotic.com/","73TVIABAEMYGZT3ALHMMB4Z2BYUUETWH","screenshots/20221208093104--index.png","False"
"20230111170315","https://www.califidparrotandexotic.com/","https://web.archive.org/web/20230111170315/https://www.califidparrotandexotic.com/","ED7WRFAUM5O3ENX33VEHSHFOSZYKNR7G","screenshots/20230111170315--index.png","False"
"20230316125758","http://califidparrotandexotic.com/","https://web.archive.org/web/20230316125758/http://califidparrotandexotic.com/","G3XUNAMF5SUGGS2U24SE3EQGXDYE3B66","screenshots/20230316125758--index.png","False"
"20230328170912","https://www.califidparrotandexotic.com/","https://web.archive.org/web/20230328170912/https://www.califidparrotandexotic.com/","2UKQSTLKUCR6KIBPMF27AA5Y5RSENUVM","screenshots/20230328170912--index.png","False"
"20230609143213","http://califidparrotandexotic.com/","https://web.archive.org/web/20230609143213/http://califidparrotandexotic.com/","B2DZ5KHB4SUB4IACG2PRRNCGXT73CDOX","screenshots/20230609143213--index.png","False"
"20230610200932","https://www.califidparrotandexotic.com/","https://web.archive.org/web/20230610200932/https://www.califidparrotandexotic.com/","RDSJMTCNMKBF56D7TY7PSHEO3QVBGRRW","screenshots/20230610200932--index.png","False"
"20230927171348","https://www.califidparrotandexotic.com/","https://web.archive.org/web/20230927171348/https://www.califidparrotandexotic.com/","JNUXSJ6UDNBFE3VS7XVVQR5XD7LBRENN","screenshots/20230927171348--index.png","False"
"20230929101213","http://califidparrotandexotic.com/","https://web.archive.org/web/20230929101213/http://califidparrotandexotic.com/","YD2KX2XNGGC3SI6CZ5GTM2ZNNZQJSK6X","screenshots/20230929101213--index.png","False"
"20231201130158","http://califidparrotandexotic.com/","https://web.archive.org/web/20231201130158/http://califidparrotandexotic.com/","AHMOSEDZ25QC62GWOXUF77BAFVORQ23Q","screenshots/20231201130158--index.png","False"
"20231208113520","https://www.califidparrotandexotic.com/","https://web.archive.org/web/20231208113520/https://www.califidparrotandexotic.com/","JNUXSJ6UDNBFE3VS7XVVQR5XD7LBRENN","screenshots/20231208113520--index.png","False"
"20240516135031","https://www.califidparrotandexotic.com/","https://web.archive.org/web/20240516135031/https://www.califidparrotandexotic.com/","P7RON37EK74K6JXRD2EHS4TXJQP7I7TB","screenshots/20240516135031--index.png","False"
"20240516135204","http://www.califidparrotandexotic.com/","https://web.archive.org/web/20240516135204/http://www.califidparrotandexotic.com/","ODR5BQFVFS53LLRMEN2AA27FVAOX633W","screenshots/20240516135204--index.png","False"
"20240518075723","https://califidparrotandexotic.com/","https://web.archive.org/web/20240518075723/https://califidparrotandexotic.com/","JNG7Y36T23ODQ247ZDZELGH6OE56PKFI","screenshots/20240518075723--index.png","False"
"20240518080037","http://califidparrotandexotic.com/","https://web.archive.org/web/20240518080037/http://califidparrotandexotic.com/","LTQGUANJUTBRQXFM4ZUMUMZYZBE5RMPP","screenshots/20240518080037--index.png","False"
"20240529120057","https://www.califidparrotandexotic.com/","https://web.archive.org/web/20240529120057/https://www.califidparrotandexotic.com/","EJKM55UJG6G7ZPANBVVEK6HLRRLO5Q2Y","screenshots/20240529120057--index.png","False"
"20240701232411","https://www.califidparrotandexotic.com/","https://web.archive.org/web/20240701232411/https://www.califidparrotandexotic.com/","2WV7HHHRD2KGFZ4ZIZS5GD5QMXIP37ZS","screenshots/20240701232411--index.png","False"
"20240702112921","https://www.califidparrotandexotic.com/","https://web.archive.org/web/20240702112921/https://www.califidparrotandexotic.com/","EJKM55UJG6G7ZPANBVVEK6HLRRLO5Q2Y","screenshots/20240702112921--index.png","False"
"20240918181508","http://califidparrotandexotic.com/","https://web.archive.org/web/20240918181508/http://califidparrotandexotic.com/","75E2ABAUUNHDXKCR2OOISI5SRX3KRH5X","screenshots/20240918181508--index.png","False"
"20241004195857","https://www.califidparrotandexotic.com/","https://web.archive.org/web/20241004195857/https://www.califidparrotandexotic.com/","REYSARRJCWH5U3DXWZWJG34QZJWQBOBC","screenshots/20241004195857--index.png","False"
"20241005061339","https://www.califidparrotandexotic.com/","https://web.archive.org/web/20241005061339/https://www.califidparrotandexotic.com/","EJKM55UJG6G7ZPANBVVEK6HLRRLO5Q2Y","screenshots/20241005061339--index.png","True"
"20250214091838","https://www.califidparrotandexotic.com/","https://web.archive.org/web/20250214091838/https://www.califidparrotandexotic.com/","XQ76UNX5CWADYIZ6FQGEAVYQUKNECCCY","screenshots/20250214091838--index.png","False"
"20250217011241","https://www.califidparrotandexotic.com/","https://web.archive.org/web/20250217011241/https://www.califidparrotandexotic.com/","EJKM55UJG6G7ZPANBVVEK6HLRRLO5Q2Y","screenshots/20250217011241--index.png","False"
"20250317090647","https://www.califidparrotandexotic.com/","https://web.archive.org/web/20250317090647/https://www.califidparrotandexotic.com/","XQ76UNX5CWADYIZ6FQGEAVYQUKNECCCY","screenshots/20250317090647--index.png","True"
"20250319190346","https://www.califidparrotandexotic.com/","https://web.archive.org/web/20250319190346/https://www.califidparrotandexotic.com/","EJKM55UJG6G7ZPANBVVEK6HLRRLO5Q2Y","screenshots/20250319190346--index.png","True"
"20250622134536","https://www.califidparrotandexotic.com/","https://web.archive.org/web/20250622134536/https://www.califidparrotandexotic.com/","XYG3ZZ25W7B5Q6WJYTN22OAZRBYYBFMH","screenshots/20250622134536--index.png","False"
"20251208101817","http://califidparrotandexotic.com/","https://web.archive.org/web/20251208101817/http://califidparrotandexotic.com/","TDFE5Q7UY4IJA45RITFVIGTRC2ZSYUTW","screenshots/20251208101817--index.png","False"
"20260115113021","https://www.califidparrotandexotic.com/","https://web.archive.org/web/20260115113021/https://www.califidparrotandexotic.com/","EJKM55UJG6G7ZPANBVVEK6HLRRLO5Q2Y","screenshots/20260115113021--index.png","True"
"20260210045607","https://www.califidparrotandexotic.com/","https://web.archive.org/web/20260210045607/https://www.califidparrotandexotic.com/","Q7ZYKQCAGXNK6KEJK4AZOBXIN45YBCWW","screenshots/20260210045607--index.png","False"
"20260215044923","http://califidparrotandexotic.com/","https://web.archive.org/web/20260215044923/http://califidparrotandexotic.com/","22QFPX6YGN5OPUMZDGAR2CEKO3L5BST2","screenshots/20260215044923--index.png","False"
"20260312224705","https://www.califidparrotandexotic.com/","https://web.archive.org/web/20260312224705/https://www.califidparrotandexotic.com/","PPYDYCADRG2ZHB7DP2RRHDOTB6EXEDPN","screenshots/20260312224705--index.png","False"
"20260607042329","https://www.califidparrotandexotic.com/","https://web.archive.org/web/20260607042329/https://www.califidparrotandexotic.com/","L3KFWPVWMTKMF6AQVNEC67UIG3QLLUUM","screenshots/20260607042329--index.png","False"
"20240703225701","https://www.califidparrotandexotic.com/.well-known/trust.txt","https://web.archive.org/web/20240703225701/https://www.califidparrotandexotic.com/.well-known/trust.txt","NV3LGKVRGEABLZ2BBRHGFTFY3PEESDVV","screenshots/20240703225701--.well-known_trust.txt.png","False"
"20141018121057","http://califidparrotandexotic.com/about.html","https://web.archive.org/web/20141018121057/http://califidparrotandexotic.com/about.html","3KKXA6HP44JH3ILYMEV35EXDXL4CGDG7","screenshots/20141018121057--about.html.png","False"
"20171010114443","http://www.califidparrotandexotic.com:80/about.html","https://web.archive.org/web/20171010114443/http://www.califidparrotandexotic.com:80/about.html","C7RRJWKSQSPS2SDXSU7DCTPU4MCYZVQP","screenshots/20171010114443--about.html.png","False"
"20260316150511","https://www.califidparrotandexotic.com/about.html","https://web.archive.org/web/20260316150511/https://www.califidparrotandexotic.com/about.html","KCCJBEMURR75ENIZGJZQKE7VKQIMO2IT","screenshots/20260316150511--about.html.png","False"
"20260607042345","https://www.califidparrotandexotic.com/about.html","https://web.archive.org/web/20260607042345/https://www.califidparrotandexotic.com/about.html","O6MLKOBK37RJYHQXMJMI62JULBZ2OLX3","screenshots/20260607042345--about.html.png","False"
"20141018143249","http://califidparrotandexotic.com/adopt.html","https://web.archive.org/web/20141018143249/http://califidparrotandexotic.com/adopt.html","M5YAC2VDS7N3UIR3XMSA3CXCGIXO7KV5","screenshots/20141018143249--adopt.html.png","False"
"20170706035709","http://www.califidparrotandexotic.com:80/adopt.html","https://web.archive.org/web/20170706035709/http://www.califidparrotandexotic.com:80/adopt.html","I26KFTFEOQDDX44PWHTSA22MFDMIPBUZ","screenshots/20170706035709--adopt.html.png","True"
"20210616095811","https://www.califidparrotandexotic.com/adopt.html","https://web.archive.org/web/20210616095811/https://www.califidparrotandexotic.com/adopt.html","LNMVH4GBFWGA7RSEMSZFRNJ5ATY5BZYF","screenshots/20210616095811--adopt.html.png","False"
"20260210051152","https://www.califidparrotandexotic.com/adopt.html","https://web.archive.org/web/20260210051152/https://www.califidparrotandexotic.com/adopt.html","DCOEXS4BQZNR6H2JRD4HEKWFF2FHJHTG","screenshots/20260210051152--adopt.html.png","False"
"20260607042345","https://www.califidparrotandexotic.com/adopt.html","https://web.archive.org/web/20260607042345/https://www.califidparrotandexotic.com/adopt.html","P2CUBKF7I3N772QLPYMJZDTACPVEVKYP","screenshots/20260607042345--adopt.html.png","False"
"20141017195122","http://califidparrotandexotic.com/contact.html","https://web.archive.org/web/20141017195122/http://califidparrotandexotic.com/contact.html","EVEHTCDNB3B6SL34LTTMHWTXKIR42APX","screenshots/20141017195122--contact.html.png","False"
"20161017122941","http://califidparrotandexotic.com/contact.html","https://web.archive.org/web/20161017122941/http://califidparrotandexotic.com/contact.html","3UK2KRCXYJY74S3FDFYZ3QA3KVN3C3F6","screenshots/20161017122941--contact.html.png","False"
"20170815211028","http://www.califidparrotandexotic.com:80/contact.html","https://web.archive.org/web/20170815211028/http://www.califidparrotandexotic.com:80/contact.html","5UMIVX2K4A36ZO4IFPEJPANGN52LJO6G","screenshots/20170815211028--contact.html.png","False"
"20210616094114","https://www.califidparrotandexotic.com/contact.html","https://web.archive.org/web/20210616094114/https://www.califidparrotandexotic.com/contact.html","7U2CTB7X6NVKJ4KSLPNYHZN2EBUGXZKB","screenshots/20210616094114--contact.html.png","True"
"20230201081736","https://www.califidparrotandexotic.com/contact.html","https://web.archive.org/web/20230201081736/https://www.califidparrotandexotic.com/contact.html","LUGBZAYPGBEH3G6G4W5O7IDUQR5ZDQF6","screenshots/20230201081736--contact.html.png","False"
"20230328171040","https://www.califidparrotandexotic.com/contact.html","https://web.archive.org/web/20230328171040/https://www.califidparrotandexotic.com/contact.html","SQSB2OLOQU6SMEWFROSLBW5AOL3M7HTI","screenshots/20230328171040--contact.html.png","False"
"20230610201152","https://www.califidparrotandexotic.com/contact.html","https://web.archive.org/web/20230610201152/https://www.califidparrotandexotic.com/contact.html","KZC2OEOVAPJ4WNFO44DM74D3U6R3PPKP","screenshots/20230610201152--contact.html.png","True"
"20230927171710","https://www.califidparrotandexotic.com/contact.html","https://web.archive.org/web/20230927171710/https://www.califidparrotandexotic.com/contact.html","QHCY27PDKAJTVP2JFHLN4S7GQSU4O4WV","screenshots/20230927171710--contact.html.png","False"
"20240702193242","https://www.califidparrotandexotic.com/contact.html","https://web.archive.org/web/20240702193242/https://www.califidparrotandexotic.com/contact.html","3WYNUPKGYZZ4OFL536SF56GUUYH7VH3W","screenshots/20240702193242--contact.html.png","True"
"20260607042345","https://www.califidparrotandexotic.com/contact.html","https://web.archive.org/web/20260607042345/https://www.califidparrotandexotic.com/contact.html","4M3Y5VRZQM46AA26LHWEGMFVZ7NIYM7K","screenshots/20260607042345--contact.html.png","False"
"20141017160753","http://califidparrotandexotic.com/donate.html","https://web.archive.org/web/20141017160753/http://califidparrotandexotic.com/donate.html","AWXZTW77IRRLLPJRFME7YPDCTVH6JYIT","screenshots/20141017160753--donate.html.png","False"
"20170815211745","http://www.califidparrotandexotic.com:80/donate.html","https://web.archive.org/web/20170815211745/http://www.califidparrotandexotic.com:80/donate.html","T4KDC42Y43T7KN6AZR2C3XNOT3SCMAN6","screenshots/20170815211745--donate.html.png","False"
"20180203152709","http://www.califidparrotandexotic.com:80/donate.html","https://web.archive.org/web/20180203152709/http://www.califidparrotandexotic.com:80/donate.html","WZES5FLSZBA6MJAL3BWXDBY4TYGTOOP4","screenshots/20180203152709--donate.html.png","False"
"20191213100744","https://www.califidparrotandexotic.com/donate.html","https://web.archive.org/web/20191213100744/https://www.califidparrotandexotic.com/donate.html","GNKDHA76MF4D6XSFOUEDQANLJ5KG2TXS","screenshots/20191213100744--donate.html.png","False"
"20210616102034","https://www.califidparrotandexotic.com/donate.html","https://web.archive.org/web/20210616102034/https://www.califidparrotandexotic.com/donate.html","WH5CZ74N4UQYQQNCCYPTWBMEHYCP5GYJ","screenshots/20210616102034--donate.html.png","False"
"20230328174856","https://www.califidparrotandexotic.com/donate.html","https://web.archive.org/web/20230328174856/https://www.califidparrotandexotic.com/donate.html","PAAMDWPYJXB5VODSNBBW2BL4P2K4UZYB","screenshots/20230328174856--donate.html.png","False"
"20230610205022","https://www.califidparrotandexotic.com/donate.html","https://web.archive.org/web/20230610205022/https://www.califidparrotandexotic.com/donate.html","3VMZZHSIRX6QXVJ6FE46DPETPHSB2OPT","screenshots/20230610205022--donate.html.png","False"
"20240704235133","https://www.califidparrotandexotic.com/donate.html","https://web.archive.org/web/20240704235133/https://www.califidparrotandexotic.com/donate.html","WH5CZ74N4UQYQQNCCYPTWBMEHYCP5GYJ","screenshots/20240704235133--donate.html.png","False"
"20251209073852","https://www.califidparrotandexotic.com/donate.html","https://web.archive.org/web/20251209073852/https://www.califidparrotandexotic.com/donate.html","IIATSH7YNV7HGYKE6R3AFNEECEFYQI56","screenshots/20251209073852--donate.html.png","False"
"20260210053507","https://www.califidparrotandexotic.com/donate.html","https://web.archive.org/web/20260210053507/https://www.califidparrotandexotic.com/donate.html","JQUWUPNECGVH7YUQI55H6WOBRZJHCJIQ","screenshots/20260210053507--donate.html.png","False"
"20260607042345","https://www.califidparrotandexotic.com/donate.html","https://web.archive.org/web/20260607042345/https://www.califidparrotandexotic.com/donate.html","UKF3XRRXLK2GTK25IXOTKC3T5O6MMK6Z","screenshots/20260607042345--donate.html.png","True"
"20240704235348","https://www.califidparrotandexotic.com/favicon.ico","https://web.archive.org/web/20240704235348/https://www.califidparrotandexotic.com/favicon.ico","7KQG6SOCNPRWDNFWNEXDHMXYIQ7HRBII","screenshots/20240704235348--favicon.ico.png","False"
"20140519080743","http://califidparrotandexotic.com/footer.html","https://web.archive.org/web/20140519080743/http://califidparrotandexotic.com/footer.html","WVXILPT5UDQRKQZ3TWPVJNYIUK6LZSXE","screenshots/20140519080743--footer.html.png","True"
"20171009145235","http://califidparrotandexotic.com/footer.html","https://web.archive.org/web/20171009145235/http://califidparrotandexotic.com/footer.html","IT4BQMOD3EBAID5GOBTNHF6YRNQMRYX7","screenshots/20171009145235--footer.html.png","False"
"20240812004903","https://www.califidparrotandexotic.com/footer.html","https://web.archive.org/web/20240812004903/https://www.califidparrotandexotic.com/footer.html","RTHWR7YUVS3NZ2TJRO7UVWLIVJYO4QF3","screenshots/20240812004903--footer.html.png","False"
"20241004205839","https://www.califidparrotandexotic.com/footer.html","https://web.archive.org/web/20241004205839/https://www.califidparrotandexotic.com/footer.html","T77XJS7D2N3WQJGPCYEKRDMFZFURZLUT","screenshots/20241004205839--footer.html.png","False"
"20260607042329","https://www.califidparrotandexotic.com/footer.html","https://web.archive.org/web/20260607042329/https://www.califidparrotandexotic.com/footer.html","33VX5LOTKSQJXQII7MVIS34SGBQU5V3V","screenshots/20260607042329--footer.html.png","False"
"20211028210724","https://www.califidparrotandexotic.com/forms/adoption-application.html","https://web.archive.org/web/20211028210724/https://www.califidparrotandexotic.com/forms/adoption-application.html","QXS2ZUZQBT5YP4DERYNVS6TWEMSPT6SL","screenshots/20211028210724--forms_adoption-application.html.png","False"
"20231208125927","https://www.califidparrotandexotic.com/forms/adoption-application.html","https://web.archive.org/web/20231208125927/https://www.califidparrotandexotic.com/forms/adoption-application.html","OQRBM3RJCECO4KJDZODYMJ2QUIDGLFZY","screenshots/20231208125927--forms_adoption-application.html.png","False"
"20250913111415","https://www.califidparrotandexotic.com/forms/adoption-application.html","https://web.archive.org/web/20250913111415/https://www.califidparrotandexotic.com/forms/adoption-application.html","DG6QTXJVZB3KJZWJQ7HGUOJZISNVVZJB","screenshots/20250913111415--forms_adoption-application.html.png","False"
"20251209081903","https://www.califidparrotandexotic.com/forms/adoption-application.html","https://web.archive.org/web/20251209081903/https://www.califidparrotandexotic.com/forms/adoption-application.html","5USY56AMQQ2XOID4OAE3VQZX3B5TRX3V","screenshots/20251209081903--forms_adoption-application.html.png","False"
"20260210061724","https://www.califidparrotandexotic.com/forms/adoption-application.html","https://web.archive.org/web/20260210061724/https://www.califidparrotandexotic.com/forms/adoption-application.html","2SHD4ELADB72NXN423B45TCZF2SQZ52O","screenshots/20260210061724--forms_adoption-application.html.png","False"
"20260607042345","https://www.califidparrotandexotic.com/forms/adoption-application.html","https://web.archive.org/web/20260607042345/https://www.califidparrotandexotic.com/forms/adoption-application.html","Y47T6KSQAPN5MEPWJGEOV5TK3TJUDZQO","screenshots/20260607042345--forms_adoption-application.html.png","False"
"20220517043642","https://www.califidparrotandexotic.com/forms/foster-home-agreement.html","https://web.archive.org/web/20220517043642/https://www.califidparrotandexotic.com/forms/foster-home-agreement.html","X333ORJEHAUFDVQADBZ2RBZQJSQDS7XG","screenshots/20220517043642--forms_foster-home-agreement.html.png","False"
"20260210060406","https://www.califidparrotandexotic.com/forms/foster-home-agreement.html","https://web.archive.org/web/20260210060406/https://www.califidparrotandexotic.com/forms/foster-home-agreement.html","OO2IUKKUXSWKQKV5DURTXQSTPJMEMF36","screenshots/20260210060406--forms_foster-home-agreement.html.png","False"
"20260607042345","https://www.califidparrotandexotic.com/forms/foster-home-agreement.html","https://web.archive.org/web/20260607042345/https://www.califidparrotandexotic.com/forms/foster-home-agreement.html","PCJZJCB7U2UXR6LNNCO4QMA2TNDBATME","screenshots/20260607042345--forms_foster-home-agreement.html.png","False"
"20220517050954","https://www.califidparrotandexotic.com/forms/volunteer-application.html","https://web.archive.org/web/20220517050954/https://www.califidparrotandexotic.com/forms/volunteer-application.html","L3M7BGLQEZM5T7RK2VV7J2ZZRGOVPKW2","screenshots/20220517050954--forms_volunteer-application.html.png","False"
"20260607042345","https://www.califidparrotandexotic.com/forms/volunteer-application.html","https://web.archive.org/web/20260607042345/https://www.califidparrotandexotic.com/forms/volunteer-application.html","SGE4UB2HZRET7VIZX43KPOD7IJCPNLNZ","screenshots/20260607042345--forms_volunteer-application.html.png","False"
"20260607042329","https://www.califidparrotandexotic.com/images/banner.jpg","https://web.archive.org/web/20260607042329/https://www.califidparrotandexotic.com/images/banner.jpg","BDOJJ2XWVP2JIJETAQZFQNF5MFUNBEIV","screenshots/20260607042329--images_banner.jpg.png","False"
"20141219130719","http://califidparrotandexotic.com/index.html","https://web.archive.org/web/20141219130719/http://califidparrotandexotic.com/index.html","PFJDC2QVHQOBPNZ3QBLAE6NN2V6DBN3K","screenshots/20141219130719--index.html.png","False"
"20160208061315","http://califidparrotandexotic.com/index.html","https://web.archive.org/web/20160208061315/http://califidparrotandexotic.com/index.html","22SGMYUMXDC7AKPJJEFD56P37B73D3WG","screenshots/20160208061315--index.html.png","False"
"20210527154341","https://www.califidparrotandexotic.com/index.html","https://web.archive.org/web/20210527154341/https://www.califidparrotandexotic.com/index.html","M5XEOUGHUBFF7DRSATTUPVF2CODBU6DQ","screenshots/20210527154341--index.html.png","False"
"20260113052844","https://www.califidparrotandexotic.com/index.html","https://web.archive.org/web/20260113052844/https://www.califidparrotandexotic.com/index.html","EJKM55UJG6G7ZPANBVVEK6HLRRLO5Q2Y","screenshots/20260113052844--index.html.png","False"
"20240705004148","https://www.califidparrotandexotic.com/news-events/2023-07-new-grants/ffss-logo-260.png","https://web.archive.org/web/20240705004148/https://www.califidparrotandexotic.com/news-events/2023-07-new-grants/ffss-logo-260.png","KPKPR3A2VWYE7BXJC7EO2UT4TU6VYP5N","screenshots/20240705004148--news-events_2023-07-new-grants_ffss-logo-260.png.png","False"
"20240705214704","https://www.califidparrotandexotic.com/news-events/2023-07-new-grants/petco-love-260.png","https://web.archive.org/web/20240705214704/https://www.califidparrotandexotic.com/news-events/2023-07-new-grants/petco-love-260.png","TXZRXNBQXHRG2ZLHJ4PVL2ITCHCWWGA6","screenshots/20240705214704--news-events_2023-07-new-grants_petco-love-260.png.png","False"
"20240703075458","https://www.califidparrotandexotic.com/news-events/2023-07-new-grants/thank-you.jpg","https://web.archive.org/web/20240703075458/https://www.califidparrotandexotic.com/news-events/2023-07-new-grants/thank-you.jpg","TJF6ZTRDQCCTHA7QZ5P4SURIEKLG72DF","screenshots/20240703075458--news-events_2023-07-new-grants_thank-you.jpg.png","False"
"20240808225945","https://www.califidparrotandexotic.com/news-events/2023-07-new-grants/thank-you.jpg","https://web.archive.org/web/20240808225945/https://www.califidparrotandexotic.com/news-events/2023-07-new-grants/thank-you.jpg","4JY6D3JKB26DPSCR6DRNPZMXJT7JDXNV","screenshots/20240808225945--news-events_2023-07-new-grants_thank-you.jpg.png","False"
"20260607042329","https://www.califidparrotandexotic.com/news-events/2023-07-new-grants/thank-you.jpg","https://web.archive.org/web/20260607042329/https://www.califidparrotandexotic.com/news-events/2023-07-new-grants/thank-you.jpg","A7RGSRN7FZ56MTRGATYPCUWLQ75SEPFA","screenshots/20260607042329--news-events_2023-07-new-grants_thank-you.jpg.png","False"
"20141017110310","http://califidparrotandexotic.com/photos.html","https://web.archive.org/web/20141017110310/http://califidparrotandexotic.com/photos.html","FOMLEIIDNVCFT5MRRKMTZ4PCLSYURLH5","screenshots/20141017110310--photos.html.png","False"
"20170815211033","http://www.califidparrotandexotic.com:80/photos.html","https://web.archive.org/web/20170815211033/http://www.califidparrotandexotic.com:80/photos.html","OVKJGVWYBZTQRVHFAC37SXK2N5JLOFCL","screenshots/20170815211033--photos.html.png","False"
"20251209072930","https://www.califidparrotandexotic.com/photos.html","https://web.archive.org/web/20251209072930/https://www.califidparrotandexotic.com/photos.html","HP2DCGUKURS3X2DU5PRSGSHJ7RFJE6LV","screenshots/20251209072930--photos.html.png","False"
"20260210052411","https://www.califidparrotandexotic.com/photos.html","https://web.archive.org/web/20260210052411/https://www.califidparrotandexotic.com/photos.html","YP6CX7CJTY45L6RH4XRXU6MHFFNN3PJT","screenshots/20260210052411--photos.html.png","False"
"20260607042345","https://www.califidparrotandexotic.com/photos.html","https://web.archive.org/web/20260607042345/https://www.califidparrotandexotic.com/photos.html","XCEGZEL6MZVU2HA5T3DNSGVW6OBP7YJU","screenshots/20260607042345--photos.html.png","True"
"20141017021534","http://califidparrotandexotic.com/sponsor.html","https://web.archive.org/web/20141017021534/http://califidparrotandexotic.com/sponsor.html","ZJSFCZAU4G6LCGQEFWRB4KNBSL7BTFSI","screenshots/20141017021534--sponsor.html.png","False"
"20150919031812","http://www.califidparrotandexotic.com:80/sponsor.html","https://web.archive.org/web/20150919031812/http://www.califidparrotandexotic.com:80/sponsor.html","5F7IXU3TBWZAXH3C73JKN4ZXZ6X43Z7D","screenshots/20150919031812--sponsor.html.png","False"
"20251209072108","https://www.califidparrotandexotic.com/sponsor.html","https://web.archive.org/web/20251209072108/https://www.califidparrotandexotic.com/sponsor.html","HJSAGVHGGSFYE2R3CM4MAWYZN5DI6YET","screenshots/20251209072108--sponsor.html.png","False"
"20260210051712","https://www.califidparrotandexotic.com/sponsor.html","https://web.archive.org/web/20260210051712/https://www.califidparrotandexotic.com/sponsor.html","O3SVBGUMBTSCTTDV5QGISELHVDNKWDR6","screenshots/20260210051712--sponsor.html.png","False"
"20260607042345","https://www.califidparrotandexotic.com/sponsor.html","https://web.archive.org/web/20260607042345/https://www.califidparrotandexotic.com/sponsor.html","RIZUGDTJGZDSL3MZJC3CVGAFZUN6QLMP","screenshots/20260607042345--sponsor.html.png","False"
"20150920001642","http://www.califidparrotandexotic.com:80/sponsor/education.html","https://web.archive.org/web/20150920001642/http://www.califidparrotandexotic.com:80/sponsor/education.html","HQMATA5TCQR5TEV25JEIIFXG242PA2QV","screenshots/20150920001642--sponsor_education.html.png","False"
"20150919031837","http://www.califidparrotandexotic.com:80/sponsor/parrots.html","https://web.archive.org/web/20150919031837/http://www.califidparrotandexotic.com:80/sponsor/parrots.html","YNJKISSQHJBGN5QUSWMYRFUBLB4WVGEO","screenshots/20150919031837--sponsor_parrots.html.png","False"
"20250622141802","https://www.califidparrotandexotic.com/sponsor/parrots.html","https://web.archive.org/web/20250622141802/https://www.califidparrotandexotic.com/sponsor/parrots.html","U24BE2KVX35QTDKH4DRWSDG2BTBAH7SH","screenshots/20250622141802--sponsor_parrots.html.png","False"
"20260210052448","https://www.califidparrotandexotic.com/sponsor/parrots.html","https://web.archive.org/web/20260210052448/https://www.califidparrotandexotic.com/sponsor/parrots.html","MZ2UXWEOZ2ZIMJ3RA74IRBLFKWOPZV2W","screenshots/20260210052448--sponsor_parrots.html.png","False"
"20150919031842","http://www.califidparrotandexotic.com:80/sponsor/reptiles.html","https://web.archive.org/web/20150919031842/http://www.califidparrotandexotic.com:80/sponsor/reptiles.html","L6VOIXJSHXIJDKK2RPFXH5DCECDFQ4SZ","screenshots/20150919031842--sponsor_reptiles.html.png","False"
"20260210062006","https://www.califidparrotandexotic.com/sponsor/reptiles.html","https://web.archive.org/web/20260210062006/https://www.califidparrotandexotic.com/sponsor/reptiles.html","2TVCV4AVON2VNUTKZKIDW4DDD4RRJN2F","screenshots/20260210062006--sponsor_reptiles.html.png","False"
"20250209213516","https://www.califidparrotandexotic.com/sponsor/slideshow-p/index.htm","https://web.archive.org/web/20250209213516/https://www.califidparrotandexotic.com/sponsor/slideshow-p/index.htm","4WUG6NYTEGQWVTKDGVJJYDIJMXM2X57K","screenshots/20250209213516--sponsor_slideshow-p_index.htm.png","False"
"20160130005643","http://www.califidparrotandexotic.com:80/thanks-comments.html","https://web.archive.org/web/20160130005643/http://www.califidparrotandexotic.com:80/thanks-comments.html","4XXXUL6QKC2VYAOQKJKWWLU4MZO7B6EL","screenshots/20160130005643--thanks-comments.html.png","False"
